speaker,utterance,semantic,tone,topics,feature_text,topic
ï»¿Karen (HR),"Good morning, everyone. Thanks for being here. I understand this isn't an easy situation, but I want to emphasize that this is a safe and neutral space. Our goal today is to thoroughly discuss the concerns raised and ensure fairness to all parties. Sophia, would you be comfortable starting by describing what led you to file this complaint?",complaint,neutral,"complaint, discussion","complaint complaint, discussion",0
Sophia (S),"Yes, thank you, Karen. Over the past six months, I've increasingly felt uncomfortable in my role. It started with subtle remarks from Josh during team meetings - for example, he once said, ""Let's have someone else handle the analysis - it's too technical for Sophia."" That really undermined me, especially in front of the team. But it didn't stop there. There were also late-night messages that felt inappropriate, and I believe I've been overburdened with critical tasks without proper support.",complaint,frustration,"work environment, personal well-being","complaint work environment, personal well-being",1
Karen (HR),"I see. Josh, what's your response to that specific comment about the analysis being too technical?",Complaint,Neutral,"Josh, Analysis, Technicality","Complaint Josh, Analysis, Technicality",0
Josh (M),"Thanks, Karen. Honestly, that comment has been misunderstood. Sophia had asked for more time on that report, and I made a call to reassign part of it to avoid delays. I never intended to suggest she wasn't capable - it was about meeting a tight deadline.",Justification,Neutral,"Report Management, Communication","Justification Report Management, Communication",0
Karen (HR),"Sophia, did you explicitly ask for more time?",Question,Neutral,Clarification,Question Clarification,3
Sophia (S),"No, not at all. I only needed clarification on one section. I was perfectly on track to complete the task. What hurt was how public that comment was - it chipped away at my credibility.",Justification,Neutral,"Task Completion, Public Comment Impact","Justification Task Completion, Public Comment Impact",0
Karen (HR),"Noted. Josh, do you have any documentation or follow-up notes that justify the decision?",Justification,Neutral,"Decision, Documentation","Justification Decision, Documentation",0
Josh (M),"No written documentation, unfortunately. Most of our task management happens over verbal stand-ups or Slack, and the details weren't recorded.",denial,neutral,"task management, communication methods","denial task management, communication methods",0
Karen (HR),"Alright. I also reviewed recent performance evaluations. Sophia's ratings dropped from ""Exceeds Expectations"" to ""Meets Expectations"" over the last two cycles. But it's worth noting several team members also saw similar changes. Could you speak to that, Josh?",Justification,Neutral,"Performance Evaluation, Team Dynamics","Justification Performance Evaluation, Team Dynamics",0
Josh (M),"Sure. After we lost the Zenith client, there was immense pressure. The whole department faced tighter deadlines, and I had to be more critical across the board. The performance drops weren't targeted - they were a reflection of our new benchmarks.",Justification,Neutral,"Performance, Client Loss","Justification Performance, Client Loss",0
Sophia (S),"I disagree. Before I reported Josh's behavior, my work was praised. The decline happened after I first raised concerns informally with HR three months ago. It feels retaliatory.",Justification,Denial,"Work Performance, Employee Behavior","Justification Work Performance, Employee Behavior",0
Karen (HR),"That's a serious concern. I also pulled task distribution data. Sophia's workload increased by 40% in the last six months, compared to the team average of 25%. Can you explain that discrepancy, Josh?",Explanation and clarification,Neutral,"Workload Increase, Task Distribution","Explanation and clarification Workload Increase, Task Distribution",0
Josh (M),"Sophia is one of our most experienced team members. I thought she was best suited to handle client retention and campaign strategy. The extra work was a reflection of that, not an intentional burden.",Justification,Neutral,"Workload Distribution, Team Member Experience","Justification Workload Distribution, Team Member Experience",0
Sophia (S),"I understand being trusted with important tasks, but I wasn't given additional support. And even when I met tight deadlines, I was criticized for minor issues like formatting or phrasing.",Complaint,Frustration,"tasks, support, deadlines","Complaint tasks, support, deadlines",0
Karen (HR),"Sophia, you also submitted a screenshot of a message from Josh sent at 11:07 PM that read: ""You're really going places; maybe we should grab drinks to talk about your goals."" Do you recall receiving that?",confirmation and clarification,neutral,"message, recollection","confirmation and clarification message, recollection",3
Sophia (S),"Yes, I remember that vividly. It was unsettling. We'd never had that type of conversation before, and the timing made it feel even more inappropriate.",complaint,frustration,"conversation, unusual timing","complaint conversation, unusual timing",0
Karen (HR),"Josh, can you explain that message?",Request for clarification,Neutral,"Message, Clarification","Request for clarification Message, Clarification",3
Josh (M),"Yes, I sent it. But I often reach out to employees after hours when things come to mind. The tone was casual - maybe too casual in hindsight - but my intent was to mentor her, not make her uncomfortable.",Justification,Neutral,"Employee Communication, Tone Management","Justification Employee Communication, Tone Management",0
Karen (HR),"We reviewed your communication logs. While most messages were work-related, there were two similar late-night messages sent to other employees - both female. One declined the invite, and another never responded. Neither reported discomfort, but the pattern is concerning.",Concern,Neutral,"Communication Patterns, Employee Relations","Concern Communication Patterns, Employee Relations",0
Sophia (S),"Exactly. Even if others didn't report it, I felt singled out. I didn't know how to respond. It felt like there were strings attached to succeeding on the team.",complaint,frustration,"single incident, team dynamics","complaint single incident, team dynamics",0
Karen (HR),"We also interviewed two colleagues who mentioned feeling ""micromanaged"" or ""overlooked"" after declining similar social invites. One described the environment as ""uneven,"" especially for those who didn't engage with Josh outside work hours.",Complaint,Neutral,"Environment, Social Invites","Complaint Environment, Social Invites",0
Josh (M),"I manage people based on performance. If they fall behind or miss deadlines, I check in more. I didn't connect this feedback to social interactions.",Justification,Neutral,"Management, Feedback","Justification Management, Feedback",0
Karen (HR),"Sophia, you've mentioned feeling overly scrutinized. Can you elaborate?",complaint,neutral,"feeling, scrutinization","complaint feeling, scrutinization",0
Sophia (S),"Yes. After declining the drink invite, I noticed a shift. Josh began nitpicking my work - he questioned my email tone, presentation slides, even suggested that I ""smile more"" during pitches. None of this came up before. It was demoralizing.",Complaint,Frustration,"Workplace Issues, Personal Demotivation","Complaint Workplace Issues, Personal Demotivation",0
Karen (HR),"We also found that Sophia was assigned 12 high-priority campaigns over six months, while others handled around 8. Her completion rate was 75%, which is lower than the team average of 90%. Any thoughts on this, Josh?",Complaint,Neutral,"Workload, Performance","Complaint Workload, Performance",0
Josh (M),"Sophia's role includes more high-stakes tasks. That said, I wasn't tracking the cumulative load as closely as I should have. That's on me.",Justification,Neutral,"Sophia's workload, Tracking responsibilities","Justification Sophia's workload, Tracking responsibilities",2
Sophia (S),"I flagged being overworked multiple times, but the only response I got was ""just push through."" I even skipped two of my approved leave days because I didn't feel like I could afford to be out.",complaint,frustration,"work overload, absence management","complaint work overload, absence management",0
Karen (HR),"Were those leave requests discussed, Josh?",complaint,neutral,"leave requests, discussions","complaint leave requests, discussions",0
Josh (M),"Yes, I approved them, but I did mention it would be tough timing. I didn't intend for her to cancel them entirely.",Justification,Neutral,"Approval, Timing, Cancellation","Justification Approval, Timing, Cancellation",0
Sophia (S),"But when a leader tells you it's bad timing, it doesn't feel like a real approval. It feels like a warning.",complaint,denial,"approval, timing","complaint approval, timing",0
Karen (HR),That's an important distinction. Culture plays a big role here - formal approvals don't matter if the tone suggests otherwise. I also want to ask: were there any prior complaints or concerns raised about Josh's conduct?,clarification and emphasis on cultural nuances,neutral,"culture, approval process, Josh's conduct","clarification and emphasis on cultural nuances culture, approval process, Josh's conduct",1
Sophia (S),"Informally, yes. I spoke to another colleague who said she had considered raising a concern but didn't want to be ""that person."" I think people are hesitant because Josh has been with the company for years.",Justification,Neutral,"Josh's situation, Company culture","Justification Josh's situation, Company culture",1
Karen (HR),"Understood. Josh, would you be open to a third-party mediator or training on managerial conduct?",Request for feedback and suggestions,Neutral,"Managerial Conduct, Third-Party Mediation","Request for feedback and suggestions Managerial Conduct, Third-Party Mediation",0
Josh (M),"Yes, if it helps resolve things and improve my leadership. I never intended to make anyone uncomfortable.",Justification,Neutral,Leadership Improvement,Justification Leadership Improvement,0
Karen (HR),Good to hear. We're considering mandatory sensitivity training and leadership coaching across the department. But we'll also need to assess whether further investigation is necessary.,Justification,Neutral,"Training, Leadership, Investigation","Justification Training, Leadership, Investigation",0
Sophia (S),Thank you. I don't want revenge - I just want to work in a place where I feel respected and safe.,Justification,Neutral,"Desire for Respect, Desire for Safety","Justification Desire for Respect, Desire for Safety",4
Karen (HR),"That's completely fair. Our next steps will involve documenting this session, reviewing past patterns more thoroughly, and deciding on immediate and long-term actions. Do either of you have final thoughts?",Justification,Neutral,"Next Steps, Review Patterns","Justification Next Steps, Review Patterns",0
Josh (M),I'm willing to learn and grow from this. I honestly didn't see some of these things the way they're being perceived.,Complaint,Neutral,"Learning, Perception","Complaint Learning, Perception",0
Sophia (S),"I appreciate the opportunity to be heard. I hope this leads to real change, not just for me, but for the rest of the team too.",Justification,Positive/Nurturing,"Opportunity, Change","Justification Opportunity, Change",0
Karen (HR),"Thank you both for your honesty. We'll follow up in writing with next steps, and you're welcome to add anything further before the report is finalized.",positive,neutral,"reporting, team collaboration","positive reporting, team collaboration",0
